recommendation_id,report_slug,country,publication_date,table_order,selected_rank,table_group,recommendation_text_verbatim,table_paragraph_refs,priority,timeframe,recommendation_printed_page,recommendation_pdf_page_index,body_section,body_paragraphs_verified,body_context_printed_page,body_context_pdf_page_index,context_excerpt_verbatim,assessment_domain,selection_rationale,uncertainty_note
AZE-001,azerbaijan_modernizing_central_bank_communication_2025,Azerbaijan,2025-02-12,1,1,Communication Framework and Organization,Update and expand CBA Rules on Information Transmission to Media to transform it into Communication Policy.,¶14–15,High,Medium-term,10,9,I.A. Importance of Formalized Institutional Communication Framework,¶14–15,15,14,The CBA would benefit from expanding the Rules on Information Transmission to Media to cover all key outreach products and procedures to enhance their efficiency (Figure 1):,central_bank_communication_governance,Direct recommendation to formalize the central bank's communications policy.,
AZE-002,azerbaijan_modernizing_central_bank_communication_2025,Azerbaijan,2025-02-12,2,2,Communication Framework and Organization,Increase the resources of the Communications Division and upgrade its skills mix.,¶20,High,Near-term,10,9,I.B. Organizational Structure,¶20,19,18,"To further strengthen CBA policy communications, the staffing of the Communications Division should be increased, and the skills mix should be enhanced.",central_bank_organizational_capacity,High-priority capacity recommendation with explicit staffing implications.,
AZE-003,azerbaijan_modernizing_central_bank_communication_2025,Azerbaijan,2025-02-12,3,3,Communication Framework and Organization,Integrate the Communications Division more closely with other departments and decision-making processes.,¶21,High,Near-term,10,9,I.B. Organizational Structure,¶21,19,18,The Communications Division should play a central role in the institutional communication framework.,central_bank_decision_governance,High-priority recommendation linking communications to policy decisions.,
AZE-004,azerbaijan_modernizing_central_bank_communication_2025,Azerbaijan,2025-02-12,4,4,Communication Framework and Organization,"Ensure well-rounded short-, medium- and long-term communications planning.",¶26–28,Medium,Near-term,10,9,I.C. Communications Management: From Planning to Reporting,¶26–28,20,19,"The CBA should aim to create an ecosystem for managing the central bank’s communication processes, which should include the following elements (see Figure 5):",communications_planning,Adds an operational planning horizon to the governance recommendations.,
AZE-005,azerbaijan_modernizing_central_bank_communication_2025,Azerbaijan,2025-02-12,5,5,Communication Framework and Organization,"Accelerate the shift from a reactive to a proactive external communication policy, supported by an internal message management process.",¶36–39,Medium,Medium-term,10,9,I.D. Message Management and Content Development,¶36–39,24,23,The transition to a proactive communication policy should be at the core of CBA’s efforts to enhance the communication framework.,proactive_policy_communication,Captures the recommended shift in the central bank's external communication model.,
AZE-006,azerbaijan_modernizing_central_bank_communication_2025,Azerbaijan,2025-02-12,6,6,Communication Framework and Organization,Establish a framework for the regular assessment of the effectiveness of its communications.,¶43–46,Medium,Medium-term,10,9,I.E. Monitoring and Assessment of Communications' Effectiveness,¶43–46,26,25,"With an increase in the volume of observed data, the CBA should start assessing the effectiveness of the central bank communications.",communications_monitoring_and_evaluation,Provides an explicit measurement and evaluation recommendation.,
AZE-007,azerbaijan_modernizing_central_bank_communication_2025,Azerbaijan,2025-02-12,7,7,Monetary Policy Communications,Elevate the Monetary Policy Review to the role of a flagship publication.,¶67–68,High,Near-term,10,9,II.A. Monetary Policy Communication Product Lineup,¶67–68,32,31,The MPR should become the main vehicle for communicating monetary policy.,monetary_policy_publication,High-priority recommendation directly tied to monetary-policy communication.,
AZE-008,azerbaijan_modernizing_central_bank_communication_2025,Azerbaijan,2025-02-12,9,8,Monetary Policy Communications,Streamline the monetary policy communication cycle.,¶81–84,High,Near-term,10,9,II.B. Communication Cycle of Monetary Policy,¶81–84,35,34,The monetary policy communication cycle should be built around the MPR publication and have an established fixed-time routine.,monetary_policy_communication_cycle,High-priority recommendation for sequencing monetary-policy decisions and communications.,Table-order item 8 was not selected; selected_rank remains contiguous within the curated sample.
UKR-001,ukraine_counterparty_eligibility_and_ela_2025,Ukraine,2025-06-25,1,1,Counterparty eligibility for Monetary Policy Operations,"Amend eligibility criteria for counterparties to participate in MPOs to include financial soundness criteria, rooted in solvency.","¶34, ¶35",High,Near-term,8,7,II.D. Counterparty Framework at the NBU,¶33–34,17,16,"The NBU has requirements for counterparties in place, which should be amended to include financial soundness criteria.",monetary_policy_counterparty_eligibility,Core safeguard for central-bank monetary-policy lending operations.,"The rendered table cites ¶34 and ¶35; the matching recommendation discussion begins at ¶33 and continues in ¶34, while ¶35 begins the limitation recommendation."
UKR-002,ukraine_counterparty_eligibility_and_ela_2025,Ukraine,2025-06-25,2,2,Counterparty eligibility for Monetary Policy Operations,Introduce a new counterparty measure of limitation.,¶36,High,Near-term,8,7,II.D. Counterparty Framework at the NBU,¶35,17,16,The NBU should add the option of limitation to its measures.,monetary_policy_counterparty_controls,Adds an intermediate risk-control measure between access and suspension.,"The rendered table cites ¶36, but the matching body text is ¶35; ¶36 discusses automatic application of measures."
UKR-003,ukraine_counterparty_eligibility_and_ela_2025,Ukraine,2025-06-25,3,3,Counterparty eligibility for Monetary Policy Operations,"Ensure measures regarding counterparties access to monetary policy operations are as automatic as possible, within a framework of rules.",¶37,High,Near-term,8,7,II.D. Counterparty Framework at the NBU,¶36,17,16,"Making application of the measures, especially limitation, as rule-based and automatic as possible prevents creating undesired precedents and ensures predictability for counterparties.",rule_based_counterparty_controls,High-priority recommendation supporting predictable monetary-operation access controls.,"The rendered table cites ¶37, but the matching body text is ¶36; ¶37 discusses the supervisory-markets dialogue."
UKR-004,ukraine_counterparty_eligibility_and_ela_2025,Ukraine,2025-06-25,4,4,Counterparty eligibility for Monetary Policy Operations,"Set-up an institutionalized dialogue between banking supervision and markets operations, so counterparties can be pro-actively limited/suspended.",¶38,High,Near-term,8,7,II.D. Counterparty Framework at the NBU,¶37,17,16,"An institutionalized dialogue between Integrated Banking Supervision Department (IBSD) and Open Market Operations Department (OMOD) should be established, providing the latter with up-to-date developments on solvency issues in particular.",supervision_market_operations_coordination,Links supervisory solvency information to monetary-operation eligibility decisions.,"The rendered table cites ¶38, but the matching discussion begins in ¶37 and continues onto printed page 18."
UKR-005,ukraine_counterparty_eligibility_and_ela_2025,Ukraine,2025-06-25,5,5,Counterparty eligibility for Monetary Policy Operations,Prepare an implementation strategy and roadmap regarding the new eligibility criteria and measures.,¶39,High,Medium-term,8,7,II.D. Counterparty Framework at the NBU,¶38,18,17,"The NBU can in principle phase in the new counterparty eligibility criteria based on financial soundness and the accompanying measures soon, provided that this does not create negative short-term effects for financial stability.",counterparty_framework_implementation,Turns the eligibility reforms into a sequenced implementation program.,"The rendered table cites ¶39, but the matching body text is ¶38; ¶39 opens the ELA section."
UKR-006,ukraine_counterparty_eligibility_and_ela_2025,Ukraine,2025-06-25,6,6,Emergency Liquidity Assistance and its Collateral Framework,Set the interest rate on ELA as a fixed spread over the overnight loans rate.,¶59,High,Near-term,8,7,III.B. ELA Regulation - ELA Interest Rate,¶57–58,23,22,The interest rate for ELA loans should be adjusted to reflect its penalty nature in the context of the current monetary policy operational framework of the NBU.,emergency_liquidity_assistance_pricing,Direct design parameter for lender-of-last-resort operations.,"The rendered table cites ¶59, but the matching recommendation is ¶58; ¶59 describes the existing ELA maturity."
UKR-007,ukraine_counterparty_eligibility_and_ela_2025,Ukraine,2025-06-25,7,7,Emergency Liquidity Assistance and its Collateral Framework,Set the maturity of any ELA loan at up to two weeks.,¶61,High,Near-term,8,7,III.B. ELA Regulation - ELA Maturity and Time Limit,¶59–60,23,22,The NBU’s ELA regulation should clearly set the maturity of any ELA loan at up to two weeks.,emergency_liquidity_assistance_maturity,Direct maturity parameter for emergency central-bank lending.,"The rendered table cites ¶61, but the matching recommendation is ¶60; ¶61 opens the collateral discussion."
UKR-008,ukraine_counterparty_eligibility_and_ela_2025,Ukraine,2025-06-25,8,8,Emergency Liquidity Assistance and its Collateral Framework,Add collateral accepted for monetary policy operations to the eligible collateral for ELA.,¶66,High,Near-term,8,7,III.B. ELA Regulation - Collateral Framework for ELA,¶62–65,24,23,"The NBU should add the collateral accepted for monetary policy operations to the eligible collateral for ELA, with an appropriate haircut.",emergency_liquidity_assistance_collateral,Connects standard monetary-operation collateral to the ELA framework.,"The rendered table cites ¶66, but the matching recommendation is ¶65; ¶66 discusses central-bank discretion over collateral selection."
LKA-001,sri_lanka_liquidity_monitoring_and_monetary_operations_2024,Sri Lanka,2024-09-20,1,1,Modernization of monetary operations framework: 1st stage,Elaborate and approve road map for modernizing monetary policy operational framework.,¶23,High,Short-term,7,6,II.E. Modernization of Monetary Operations Framework. Recommendations,¶23,19,18,The mission recommends a phased approach for modernizing monetary policy instruments and operations.,monetary_operations_roadmap,Sets the sequencing framework for the full monetary-operations reform program.,
LKA-002,sri_lanka_liquidity_monitoring_and_monetary_operations_2024,Sri Lanka,2024-09-20,3,2,Modernization of monetary operations framework: 1st stage,Remove restrictions for access to standing facilities.,¶29,High,Short-term,7,6,II.E. Modernization of Monetary Operations Framework. Recommendations,¶29,20,19,Restrictions on access to standing facilities should be abolished at this immediate stage.,standing_facilities_access,Directly changes access to a core monetary-policy instrument.,
LKA-003,sri_lanka_liquidity_monitoring_and_monetary_operations_2024,Sri Lanka,2024-09-20,4,3,Modernization of monetary operations framework: 1st stage,Widen IRC to encourage interbank activity and redistribute liquidity in the system .,¶31,High,Short-term,7,6,II.E. Modernization of Monetary Operations Framework. Recommendations,¶31,21,20,Central Bank of Sri Lanka can consider widening IR corridor already at the first stage.,interest_rate_corridor,Direct interest-rate-corridor recommendation intended to improve liquidity distribution.,The source table contains a space before the final period; it is preserved verbatim.
LKA-004,sri_lanka_liquidity_monitoring_and_monetary_operations_2024,Sri Lanka,2024-09-20,8,4,Modernization of monetary operations framework: 1st stage,Operationalize the ELA framework .,¶26,High,Short-term,8,7,II.E. Modernization of Monetary Operations Framework. Recommendations,¶26,20,19,A successful modernization of the monetary policy framework will necessitate an operational ELA framework to deal with liquidity shortages of troubled banks.,emergency_liquidity_assistance,Separates emergency lending from standard open-market operations.,The source table contains a space before the final period; it is preserved verbatim.
LKA-005,sri_lanka_liquidity_monitoring_and_monetary_operations_2024,Sri Lanka,2024-09-20,9,5,Modernization of monetary operations framework: 2nd stage,Introduce SRR for FX liabilities in foreign currency .,¶42,High,Medium-term,8,7,II.E. Modernization of Monetary Operations Framework. Recommendations,¶42,23,22,The CBSL should introduce SRR for FX liabilities for macroprudential objective as part of a comprehensive framework aimed at dedollarization and promoting its own currency.,foreign_currency_reserve_requirements,Directly changes the foreign-currency reserve-requirement instrument.,The source table contains a space before the final period; it is preserved verbatim.
LKA-006,sri_lanka_liquidity_monitoring_and_monetary_operations_2024,Sri Lanka,2024-09-20,13,6,Modernization of monetary operations framework: 2nd stage,Introduce fine tuning operations if (please add the conditions here).,¶38,High,Medium-term,8,7,II.E. Modernization of Monetary Operations Framework. Recommendations,¶38,23,22,Fine tuning operations should be employed to address the impact of sudden changes in autonomy factors which are not captured in the liquidity forecasts.,fine_tuning_operations,Intentionally retained as a low-specificity and actionability edge case for extraction and assessment testing.,"The rendered source table visibly contains the editorial placeholder 'please add the conditions here'; this is source wording, not an extraction error. Body ¶38 supplies the substantive condition."
LKA-007,sri_lanka_liquidity_monitoring_and_monetary_operations_2024,Sri Lanka,2024-09-20,21,7,Liquidity monitoring,Develop a comprehensive liquidity monitoring table with clear presentation of autonomous factors and CBSL liquidity operations.,"¶63, ¶66",High,Short-term,8,7,III.B. Recommendations,"¶63, ¶66",29,28,The mission proposed an alternative Liquidity Monitoring Table to be considered and adopted by the CBSL. (Appendix II).,liquidity_monitoring,Provides the information base required to calibrate monetary operations.,
LKA-008,sri_lanka_liquidity_monitoring_and_monetary_operations_2024,Sri Lanka,2024-09-20,24,8,Other,Introduce single policy rate as mid-rate for interest rate corridor.,¶27,High,Short-term,8,7,II.E. Modernization of Monetary Operations Framework. Recommendations,¶27,20,19,"The mission proposes to replace the two policy rates with a single one, aligning with the overwhelming practice among central banks.",policy_rate_design,Direct recommendation on the central bank's policy-rate architecture.,
